Dataset,N_essays,Standard_mean,Standard_std,Human_mean,Human_std,Pearson_r,Pearson_p,Spearman_r,Spearman_p,Exact_agreement,Within_1,Within_2,Mean_difference,Std_difference
ASC Essays,9513,4.446126353411121,1.3620563936346552,4.324923788499947,1.5506808432297,0.835672446435048,0.0,0.836278246053584,0.0,0.6546830652790918,0.8964574792389362,0.99253652896037,0.12120256491117418,0.8542461499591799
